run_accession	study_accession	sample_accession	experiment_accession	tax_id	scientific_name	instrument_platform	instrument_model	library_name	library_layout	library_strategy	library_source	library_selection	center_name	experiment_title	study_alias	experiment_alias	run_alias	fastq_ftp	submitted_ftp	sra_ftp	sample_alias	sample_title	bam_ftp
ERR15158146	PRJEB90290	SAMEA118556974	ERX14563490	9606	Homo sapiens	ILLUMINA	Illumina MiSeq	SAMP166	PAIRED	RNA-Seq	TRANSCRIPTOMIC	cDNA	Flomics Biotech SL;Flomics	Illumina MiSeq sequencing	cfa734f7-461e-4b85-b2e5-770c2a926ae4	ena-EXPERIMENT-TAB-25-06-2025-16:04:27:668-44388	ena-RUN-TAB-25-06-2025-16:04:27:669-44389	ftp.sra.ebi.ac.uk/vol1/fastq/ERR151/046/ERR15158146/ERR15158146_1.fastq.gz;ftp.sra.ebi.ac.uk/vol1/fastq/ERR151/046/ERR15158146/ERR15158146_2.fastq.gz	ftp.sra.ebi.ac.uk/vol1/run/ERR151/ERR15158146/10_S10_L001_R1_001.fastq.gz;ftp.sra.ebi.ac.uk/vol1/run/ERR151/ERR15158146/10_S10_L001_R2_001.fastq.gz		flomics_1_5	SAMP166_EXP101_S2_Technical_replicate_2	ftp.sra.ebi.ac.uk/vol1/err/ERR151/046/ERR15158146/ERR15158146.bam
ERR15158147	PRJEB90290	SAMEA118556975	ERX14563491	9606	Homo sapiens	ILLUMINA	Illumina MiSeq	SAMP167	PAIRED	RNA-Seq	TRANSCRIPTOMIC	cDNA	Flomics Biotech SL;Flomics	Illumina MiSeq sequencing	cfa734f7-461e-4b85-b2e5-770c2a926ae4	ena-EXPERIMENT-TAB-25-06-2025-16:04:27:669-44390	ena-RUN-TAB-25-06-2025-16:04:27:669-44391	ftp.sra.ebi.ac.uk/vol1/fastq/ERR151/047/ERR15158147/ERR15158147_1.fastq.gz;ftp.sra.ebi.ac.uk/vol1/fastq/ERR151/047/ERR15158147/ERR15158147_2.fastq.gz	ftp.sra.ebi.ac.uk/vol1/run/ERR151/ERR15158147/11_S11_L001_R1_001.fastq.gz;ftp.sra.ebi.ac.uk/vol1/run/ERR151/ERR15158147/11_S11_L001_R2_001.fastq.gz		flomics_1_6	SAMP167_EXP101_S3_Technical_replicate_3	ftp.sra.ebi.ac.uk/vol1/err/ERR151/047/ERR15158147/ERR15158147.bam
ERR15158149	PRJEB90290	SAMEA118556977	ERX14563493	9606	Homo sapiens	ILLUMINA	Illumina MiSeq	SAMP165	PAIRED	RNA-Seq	TRANSCRIPTOMIC	cDNA	Flomics Biotech SL;Flomics	Illumina MiSeq sequencing	cfa734f7-461e-4b85-b2e5-770c2a926ae4	ena-EXPERIMENT-TAB-25-06-2025-16:04:27:670-44394	ena-RUN-TAB-25-06-2025-16:04:27:670-44395	ftp.sra.ebi.ac.uk/vol1/fastq/ERR151/049/ERR15158149/ERR15158149_1.fastq.gz;ftp.sra.ebi.ac.uk/vol1/fastq/ERR151/049/ERR15158149/ERR15158149_2.fastq.gz	ftp.sra.ebi.ac.uk/vol1/run/ERR151/ERR15158149/9_S9_L001_R1_001.fastq.gz;ftp.sra.ebi.ac.uk/vol1/run/ERR151/ERR15158149/9_S9_L001_R2_001.fastq.gz		flomics_1_8	SAMP165_EXP101_S1_Technical_replicate_1	ftp.sra.ebi.ac.uk/vol1/err/ERR151/049/ERR15158149/ERR15158149.bam
ERR15158502	PRJEB90290	SAMEA118547772	ERX14563875	9606	Homo sapiens	ILLUMINA	NextSeq 2000	SAMP2681	PAIRED	RNA-Seq	TRANSCRIPTOMIC	cDNA	Flomics Biotech SL;Flomics	NextSeq 2000 sequencing	cfa734f7-461e-4b85-b2e5-770c2a926ae4	ena-EXPERIMENT-TAB-25-06-2025-17:59:18:196-49335	ena-RUN-TAB-25-06-2025-17:59:18:196-49336	ftp.sra.ebi.ac.uk/vol1/fastq/ERR151/002/ERR15158502/ERR15158502_1.fastq.gz;ftp.sra.ebi.ac.uk/vol1/fastq/ERR151/002/ERR15158502/ERR15158502_2.fastq.gz	ftp.sra.ebi.ac.uk/vol1/run/ERR151/ERR15158502/FL-SAMP-2681_S9_L001_R1_001.fastq.gz;ftp.sra.ebi.ac.uk/vol1/run/ERR151/ERR15158502/FL-SAMP-2681_S9_L001_R2_001.fastq.gz		flomics_2_3	SAMP2681_EXP157	ftp.sra.ebi.ac.uk/vol1/err/ERR151/002/ERR15158502/ERR15158502.bam
ERR15158506	PRJEB90290	SAMEA118547776	ERX14563879	9606	Homo sapiens	ILLUMINA	NextSeq 2000	SAMP2757	PAIRED	RNA-Seq	TRANSCRIPTOMIC	cDNA	Flomics Biotech SL;Flomics	NextSeq 2000 sequencing	cfa734f7-461e-4b85-b2e5-770c2a926ae4	ena-EXPERIMENT-TAB-25-06-2025-17:59:18:197-49343	ena-RUN-TAB-25-06-2025-17:59:18:198-49344	ftp.sra.ebi.ac.uk/vol1/fastq/ERR151/006/ERR15158506/ERR15158506_1.fastq.gz;ftp.sra.ebi.ac.uk/vol1/fastq/ERR151/006/ERR15158506/ERR15158506_2.fastq.gz	ftp.sra.ebi.ac.uk/vol1/run/ERR151/ERR15158506/FL-SAMP-2757_S7_L001_R1_001.fastq.gz;ftp.sra.ebi.ac.uk/vol1/run/ERR151/ERR15158506/FL-SAMP-2757_S7_L001_R2_001.fastq.gz		flomics_2_7	SAMP2757_EXP165	ftp.sra.ebi.ac.uk/vol1/err/ERR151/006/ERR15158506/ERR15158506.bam
ERR15158507	PRJEB90290	SAMEA118547777	ERX14563880	9606	Homo sapiens	ILLUMINA	NextSeq 2000	SAMP2758	PAIRED	RNA-Seq	TRANSCRIPTOMIC	cDNA	Flomics Biotech SL;Flomics	NextSeq 2000 sequencing	cfa734f7-461e-4b85-b2e5-770c2a926ae4	ena-EXPERIMENT-TAB-25-06-2025-17:59:18:198-49345	ena-RUN-TAB-25-06-2025-17:59:18:198-49346	ftp.sra.ebi.ac.uk/vol1/fastq/ERR151/007/ERR15158507/ERR15158507_1.fastq.gz;ftp.sra.ebi.ac.uk/vol1/fastq/ERR151/007/ERR15158507/ERR15158507_2.fastq.gz	ftp.sra.ebi.ac.uk/vol1/run/ERR151/ERR15158507/FL-SAMP-2758_S8_L001_R1_001.fastq.gz;ftp.sra.ebi.ac.uk/vol1/run/ERR151/ERR15158507/FL-SAMP-2758_S8_L001_R2_001.fastq.gz		flomics_2_8	SAMP2758_EXP165	ftp.sra.ebi.ac.uk/vol1/err/ERR151/007/ERR15158507/ERR15158507.bam
ERR15158509	PRJEB90290	SAMEA118547779	ERX14563882	9606	Homo sapiens	ILLUMINA	NextSeq 2000	SAMP2779	PAIRED	RNA-Seq	TRANSCRIPTOMIC	cDNA	Flomics Biotech SL;Flomics	NextSeq 2000 sequencing	cfa734f7-461e-4b85-b2e5-770c2a926ae4	ena-EXPERIMENT-TAB-25-06-2025-17:59:18:198-49349	ena-RUN-TAB-25-06-2025-17:59:18:199-49350	ftp.sra.ebi.ac.uk/vol1/fastq/ERR151/009/ERR15158509/ERR15158509_1.fastq.gz;ftp.sra.ebi.ac.uk/vol1/fastq/ERR151/009/ERR15158509/ERR15158509_2.fastq.gz	ftp.sra.ebi.ac.uk/vol1/run/ERR151/ERR15158509/FL-SAMP-2779_S26_L001_R1_001.fastq.gz;ftp.sra.ebi.ac.uk/vol1/run/ERR151/ERR15158509/FL-SAMP-2779_S26_L001_R2_001.fastq.gz		flomics_2_10	SAMP2779_EXP165	ftp.sra.ebi.ac.uk/vol1/err/ERR151/009/ERR15158509/ERR15158509.bam
ERR15158511	PRJEB90290	SAMEA118547781	ERX14563884	9606	Homo sapiens	ILLUMINA	NextSeq 2000	SAMP2987	PAIRED	RNA-Seq	TRANSCRIPTOMIC	cDNA	Flomics Biotech SL;Flomics	NextSeq 2000 sequencing	cfa734f7-461e-4b85-b2e5-770c2a926ae4	ena-EXPERIMENT-TAB-25-06-2025-17:59:18:199-49353	ena-RUN-TAB-25-06-2025-17:59:18:199-49354	ftp.sra.ebi.ac.uk/vol1/fastq/ERR151/011/ERR15158511/ERR15158511_1.fastq.gz;ftp.sra.ebi.ac.uk/vol1/fastq/ERR151/011/ERR15158511/ERR15158511_2.fastq.gz	ftp.sra.ebi.ac.uk/vol1/run/ERR151/ERR15158511/FL-SAMP-2987_S31_L001_R1_001.fastq.gz;ftp.sra.ebi.ac.uk/vol1/run/ERR151/ERR15158511/FL-SAMP-2987_S31_L001_R2_001.fastq.gz		flomics_2_12	SAMP2987_EXP171	ftp.sra.ebi.ac.uk/vol1/err/ERR151/011/ERR15158511/ERR15158511.bam
ERR15158513	PRJEB90290	SAMEA118547783	ERX14563886	9606	Homo sapiens	ILLUMINA	NextSeq 2000	SAMP3014	PAIRED	RNA-Seq	TRANSCRIPTOMIC	cDNA	Flomics Biotech SL;Flomics	NextSeq 2000 sequencing	cfa734f7-461e-4b85-b2e5-770c2a926ae4	ena-EXPERIMENT-TAB-25-06-2025-17:59:18:200-49357	ena-RUN-TAB-25-06-2025-17:59:18:200-49358	ftp.sra.ebi.ac.uk/vol1/fastq/ERR151/013/ERR15158513/ERR15158513_1.fastq.gz;ftp.sra.ebi.ac.uk/vol1/fastq/ERR151/013/ERR15158513/ERR15158513_2.fastq.gz	ftp.sra.ebi.ac.uk/vol1/run/ERR151/ERR15158513/FL-SAMP-3014_S17_L001_R1_001.fastq.gz;ftp.sra.ebi.ac.uk/vol1/run/ERR151/ERR15158513/FL-SAMP-3014_S17_L001_R2_001.fastq.gz		flomics_2_14	SAMP3014_EXP171	ftp.sra.ebi.ac.uk/vol1/err/ERR151/013/ERR15158513/ERR15158513.bam
ERR15158517	PRJEB90290	SAMEA118547787	ERX14563890	9606	Homo sapiens	ILLUMINA	NextSeq 2000	SAMP3131	PAIRED	RNA-Seq	TRANSCRIPTOMIC	cDNA	Flomics Biotech SL;Flomics	NextSeq 2000 sequencing	cfa734f7-461e-4b85-b2e5-770c2a926ae4	ena-EXPERIMENT-TAB-25-06-2025-17:59:18:201-49365	ena-RUN-TAB-25-06-2025-17:59:18:201-49366	ftp.sra.ebi.ac.uk/vol1/fastq/ERR151/017/ERR15158517/ERR15158517_1.fastq.gz;ftp.sra.ebi.ac.uk/vol1/fastq/ERR151/017/ERR15158517/ERR15158517_2.fastq.gz	ftp.sra.ebi.ac.uk/vol1/run/ERR151/ERR15158517/FL-SAMP-3131_S37_L001_R1_001.fastq.gz;ftp.sra.ebi.ac.uk/vol1/run/ERR151/ERR15158517/FL-SAMP-3131_S37_L001_R2_001.fastq.gz		flomics_2_18	SAMP3131_EXP176	ftp.sra.ebi.ac.uk/vol1/err/ERR151/017/ERR15158517/ERR15158517.bam
ERR15158522	PRJEB90290	SAMEA118547792	ERX14563895	9606	Homo sapiens	ILLUMINA	NextSeq 2000	SAMP4596	PAIRED	RNA-Seq	TRANSCRIPTOMIC	cDNA	Flomics Biotech SL;Flomics	NextSeq 2000 sequencing	cfa734f7-461e-4b85-b2e5-770c2a926ae4	ena-EXPERIMENT-TAB-25-06-2025-17:59:18:203-49375	ena-RUN-TAB-25-06-2025-17:59:18:203-49376	ftp.sra.ebi.ac.uk/vol1/fastq/ERR151/022/ERR15158522/ERR15158522_1.fastq.gz;ftp.sra.ebi.ac.uk/vol1/fastq/ERR151/022/ERR15158522/ERR15158522_2.fastq.gz	ftp.sra.ebi.ac.uk/vol1/run/ERR151/ERR15158522/FL-SAMP-4596_S53_L001_R1_001.fastq.gz;ftp.sra.ebi.ac.uk/vol1/run/ERR151/ERR15158522/FL-SAMP-4596_S53_L001_R2_001.fastq.gz		flomics_2_23	SAMP4596_EXP189	ftp.sra.ebi.ac.uk/vol1/err/ERR151/022/ERR15158522/ERR15158522.bam
ERR15158523	PRJEB90290	SAMEA118547793	ERX14563896	9606	Homo sapiens	ILLUMINA	NextSeq 2000	SAMP4603	PAIRED	RNA-Seq	TRANSCRIPTOMIC	cDNA	Flomics Biotech SL;Flomics	NextSeq 2000 sequencing	cfa734f7-461e-4b85-b2e5-770c2a926ae4	ena-EXPERIMENT-TAB-25-06-2025-17:59:18:203-49377	ena-RUN-TAB-25-06-2025-17:59:18:203-49378	ftp.sra.ebi.ac.uk/vol1/fastq/ERR151/023/ERR15158523/ERR15158523_1.fastq.gz;ftp.sra.ebi.ac.uk/vol1/fastq/ERR151/023/ERR15158523/ERR15158523_2.fastq.gz	ftp.sra.ebi.ac.uk/vol1/run/ERR151/ERR15158523/FL-SAMP-4603_S57_L001_R1_001.fastq.gz;ftp.sra.ebi.ac.uk/vol1/run/ERR151/ERR15158523/FL-SAMP-4603_S57_L001_R2_001.fastq.gz		flomics_2_24	SAMP4603_EXP189	ftp.sra.ebi.ac.uk/vol1/err/ERR151/023/ERR15158523/ERR15158523.bam
ERR15158524	PRJEB90290	SAMEA118547794	ERX14563897	9606	Homo sapiens	ILLUMINA	NextSeq 2000	SAMP4695	PAIRED	RNA-Seq	TRANSCRIPTOMIC	cDNA	Flomics Biotech SL;Flomics	NextSeq 2000 sequencing	cfa734f7-461e-4b85-b2e5-770c2a926ae4	ena-EXPERIMENT-TAB-25-06-2025-17:59:18:204-49379	ena-RUN-TAB-25-06-2025-17:59:18:204-49380	ftp.sra.ebi.ac.uk/vol1/fastq/ERR151/024/ERR15158524/ERR15158524_1.fastq.gz;ftp.sra.ebi.ac.uk/vol1/fastq/ERR151/024/ERR15158524/ERR15158524_2.fastq.gz	ftp.sra.ebi.ac.uk/vol1/run/ERR151/ERR15158524/FL-SAMP-4695_S25_L001_R1_001.fastq.gz;ftp.sra.ebi.ac.uk/vol1/run/ERR151/ERR15158524/FL-SAMP-4695_S25_L001_R2_001.fastq.gz		flomics_2_25	SAMP4695_EXP192_23	ftp.sra.ebi.ac.uk/vol1/err/ERR151/024/ERR15158524/ERR15158524.bam
ERR15158525	PRJEB90290	SAMEA118547795	ERX14563898	9606	Homo sapiens	ILLUMINA	NextSeq 2000	SAMP4699	PAIRED	RNA-Seq	TRANSCRIPTOMIC	cDNA	Flomics Biotech SL;Flomics	NextSeq 2000 sequencing	cfa734f7-461e-4b85-b2e5-770c2a926ae4	ena-EXPERIMENT-TAB-25-06-2025-17:59:18:204-49381	ena-RUN-TAB-25-06-2025-17:59:18:204-49382	ftp.sra.ebi.ac.uk/vol1/fastq/ERR151/025/ERR15158525/ERR15158525_1.fastq.gz;ftp.sra.ebi.ac.uk/vol1/fastq/ERR151/025/ERR15158525/ERR15158525_2.fastq.gz	ftp.sra.ebi.ac.uk/vol1/run/ERR151/ERR15158525/FL-SAMP-4699_S28_L001_R1_001.fastq.gz;ftp.sra.ebi.ac.uk/vol1/run/ERR151/ERR15158525/FL-SAMP-4699_S28_L001_R2_001.fastq.gz		flomics_2_26	SAMP4699_EXP192_27	ftp.sra.ebi.ac.uk/vol1/err/ERR151/025/ERR15158525/ERR15158525.bam
ERR15158534	PRJEB90290	SAMEA118547804	ERX14563907	9606	Homo sapiens	ILLUMINA	NextSeq 2000	SAMP5661	PAIRED	RNA-Seq	TRANSCRIPTOMIC	cDNA	Flomics Biotech SL;Flomics	NextSeq 2000 sequencing	cfa734f7-461e-4b85-b2e5-770c2a926ae4	ena-EXPERIMENT-TAB-25-06-2025-17:59:18:207-49399	ena-RUN-TAB-25-06-2025-17:59:18:207-49400	ftp.sra.ebi.ac.uk/vol1/fastq/ERR151/034/ERR15158534/ERR15158534_1.fastq.gz;ftp.sra.ebi.ac.uk/vol1/fastq/ERR151/034/ERR15158534/ERR15158534_2.fastq.gz	ftp.sra.ebi.ac.uk/vol1/run/ERR151/ERR15158534/FL-SAMP-5661_S35_L001_R1_001.fastq.gz;ftp.sra.ebi.ac.uk/vol1/run/ERR151/ERR15158534/FL-SAMP-5661_S35_L001_R2_001.fastq.gz		flomics_2_35	SAMP5661_EXP228_40	ftp.sra.ebi.ac.uk/vol1/err/ERR151/034/ERR15158534/ERR15158534.bam
ERR15158539	PRJEB90290	SAMEA118547809	ERX14563912	9606	Homo sapiens	ILLUMINA	NextSeq 2000	SAMP6516	PAIRED	RNA-Seq	TRANSCRIPTOMIC	cDNA	Flomics Biotech SL;Flomics	NextSeq 2000 sequencing	cfa734f7-461e-4b85-b2e5-770c2a926ae4	ena-EXPERIMENT-TAB-25-06-2025-17:59:18:209-49409	ena-RUN-TAB-25-06-2025-17:59:18:209-49410	ftp.sra.ebi.ac.uk/vol1/fastq/ERR151/039/ERR15158539/ERR15158539_1.fastq.gz;ftp.sra.ebi.ac.uk/vol1/fastq/ERR151/039/ERR15158539/ERR15158539_2.fastq.gz	ftp.sra.ebi.ac.uk/vol1/run/ERR151/ERR15158539/FL-SAMP-6516_S3_L001_R1_001.fastq.gz;ftp.sra.ebi.ac.uk/vol1/run/ERR151/ERR15158539/FL-SAMP-6516_S3_L001_R2_001.fastq.gz		flomics_2_40	SAMP6516_EXP247_2	ftp.sra.ebi.ac.uk/vol1/err/ERR151/039/ERR15158539/ERR15158539.bam
ERR15158545	PRJEB90290	SAMEA118547815	ERX14563918	9606	Homo sapiens	ILLUMINA	NextSeq 2000	SAMP6749	PAIRED	RNA-Seq	TRANSCRIPTOMIC	cDNA	Flomics Biotech SL;Flomics	NextSeq 2000 sequencing	cfa734f7-461e-4b85-b2e5-770c2a926ae4	ena-EXPERIMENT-TAB-25-06-2025-17:59:18:211-49421	ena-RUN-TAB-25-06-2025-17:59:18:211-49422	ftp.sra.ebi.ac.uk/vol1/fastq/ERR151/045/ERR15158545/ERR15158545_1.fastq.gz;ftp.sra.ebi.ac.uk/vol1/fastq/ERR151/045/ERR15158545/ERR15158545_2.fastq.gz	ftp.sra.ebi.ac.uk/vol1/run/ERR151/ERR15158545/FL-SAMP-6749_S49_L001_R1_001.fastq.gz;ftp.sra.ebi.ac.uk/vol1/run/ERR151/ERR15158545/FL-SAMP-6749_S49_L001_R2_001.fastq.gz		flomics_2_46	SAMP6749_EXP250_8	ftp.sra.ebi.ac.uk/vol1/err/ERR151/045/ERR15158545/ERR15158545.bam
ERR15158546	PRJEB90290	SAMEA118547816	ERX14563919	9606	Homo sapiens	ILLUMINA	NextSeq 2000	SAMP6754	PAIRED	RNA-Seq	TRANSCRIPTOMIC	cDNA	Flomics Biotech SL;Flomics	NextSeq 2000 sequencing	cfa734f7-461e-4b85-b2e5-770c2a926ae4	ena-EXPERIMENT-TAB-25-06-2025-17:59:18:211-49423	ena-RUN-TAB-25-06-2025-17:59:18:211-49424	ftp.sra.ebi.ac.uk/vol1/fastq/ERR151/046/ERR15158546/ERR15158546_1.fastq.gz;ftp.sra.ebi.ac.uk/vol1/fastq/ERR151/046/ERR15158546/ERR15158546_2.fastq.gz	ftp.sra.ebi.ac.uk/vol1/run/ERR151/ERR15158546/FL-SAMP-6754_S53_L001_R1_001.fastq.gz;ftp.sra.ebi.ac.uk/vol1/run/ERR151/ERR15158546/FL-SAMP-6754_S53_L001_R2_001.fastq.gz		flomics_2_47	SAMP6754_EXP250_13	ftp.sra.ebi.ac.uk/vol1/err/ERR151/046/ERR15158546/ERR15158546.bam
ERR15158548	PRJEB90290	SAMEA118547818	ERX14563921	9606	Homo sapiens	ILLUMINA	NextSeq 2000	SAMP6773	PAIRED	RNA-Seq	TRANSCRIPTOMIC	cDNA	Flomics Biotech SL;Flomics	NextSeq 2000 sequencing	cfa734f7-461e-4b85-b2e5-770c2a926ae4	ena-EXPERIMENT-TAB-25-06-2025-17:59:18:212-49427	ena-RUN-TAB-25-06-2025-17:59:18:212-49428	ftp.sra.ebi.ac.uk/vol1/fastq/ERR151/048/ERR15158548/ERR15158548_1.fastq.gz;ftp.sra.ebi.ac.uk/vol1/fastq/ERR151/048/ERR15158548/ERR15158548_2.fastq.gz	ftp.sra.ebi.ac.uk/vol1/run/ERR151/ERR15158548/FL-SAMP-6773_S11_L001_R1_001.fastq.gz;ftp.sra.ebi.ac.uk/vol1/run/ERR151/ERR15158548/FL-SAMP-6773_S11_L001_R2_001.fastq.gz		flomics_2_49	SAMP6773_EXP250_32	ftp.sra.ebi.ac.uk/vol1/err/ERR151/048/ERR15158548/ERR15158548.bam
ERR15158500	PRJEB90290	SAMEA118547770	ERX14563873	9606	Homo sapiens	ILLUMINA	NextSeq 2000	SAMP2456	PAIRED	RNA-Seq	TRANSCRIPTOMIC	cDNA	Flomics Biotech SL;Flomics	NextSeq 2000 sequencing	cfa734f7-461e-4b85-b2e5-770c2a926ae4	ena-EXPERIMENT-TAB-25-06-2025-17:59:18:195-49331	ena-RUN-TAB-25-06-2025-17:59:18:195-49332	ftp.sra.ebi.ac.uk/vol1/fastq/ERR151/000/ERR15158500/ERR15158500_1.fastq.gz;ftp.sra.ebi.ac.uk/vol1/fastq/ERR151/000/ERR15158500/ERR15158500_2.fastq.gz	ftp.sra.ebi.ac.uk/vol1/run/ERR151/ERR15158500/FL-SAMP-2456_S16_L001_R1_001.fastq.gz;ftp.sra.ebi.ac.uk/vol1/run/ERR151/ERR15158500/FL-SAMP-2456_S16_L001_R2_001.fastq.gz		flomics_2_1	SAMP2456_EXP148_16	ftp.sra.ebi.ac.uk/vol1/err/ERR151/000/ERR15158500/ERR15158500.bam
ERR15158501	PRJEB90290	SAMEA118547771	ERX14563874	9606	Homo sapiens	ILLUMINA	NextSeq 2000	SAMP2646	PAIRED	RNA-Seq	TRANSCRIPTOMIC	cDNA	Flomics Biotech SL;Flomics	NextSeq 2000 sequencing	cfa734f7-461e-4b85-b2e5-770c2a926ae4	ena-EXPERIMENT-TAB-25-06-2025-17:59:18:196-49333	ena-RUN-TAB-25-06-2025-17:59:18:196-49334	ftp.sra.ebi.ac.uk/vol1/fastq/ERR151/001/ERR15158501/ERR15158501_1.fastq.gz;ftp.sra.ebi.ac.uk/vol1/fastq/ERR151/001/ERR15158501/ERR15158501_2.fastq.gz	ftp.sra.ebi.ac.uk/vol1/run/ERR151/ERR15158501/FL-SAMP-2646_S24_L001_R1_001.fastq.gz;ftp.sra.ebi.ac.uk/vol1/run/ERR151/ERR15158501/FL-SAMP-2646_S24_L001_R2_001.fastq.gz		flomics_2_2	SAMP2646_EXP154	ftp.sra.ebi.ac.uk/vol1/err/ERR151/001/ERR15158501/ERR15158501.bam
ERR15158503	PRJEB90290	SAMEA118547773	ERX14563876	9606	Homo sapiens	ILLUMINA	NextSeq 2000	SAMP2705	PAIRED	RNA-Seq	TRANSCRIPTOMIC	cDNA	Flomics Biotech SL;Flomics	NextSeq 2000 sequencing	cfa734f7-461e-4b85-b2e5-770c2a926ae4	ena-EXPERIMENT-TAB-25-06-2025-17:59:18:196-49337	ena-RUN-TAB-25-06-2025-17:59:18:197-49338	ftp.sra.ebi.ac.uk/vol1/fastq/ERR151/003/ERR15158503/ERR15158503_1.fastq.gz;ftp.sra.ebi.ac.uk/vol1/fastq/ERR151/003/ERR15158503/ERR15158503_2.fastq.gz	ftp.sra.ebi.ac.uk/vol1/run/ERR151/ERR15158503/FL-SAMP-2705_S7_L001_R1_001.fastq.gz;ftp.sra.ebi.ac.uk/vol1/run/ERR151/ERR15158503/FL-SAMP-2705_S7_L001_R2_001.fastq.gz		flomics_2_4	SAMP2705_EXP159	ftp.sra.ebi.ac.uk/vol1/err/ERR151/003/ERR15158503/ERR15158503.bam
ERR15158504	PRJEB90290	SAMEA118547774	ERX14563877	9606	Homo sapiens	ILLUMINA	NextSeq 2000	SAMP2745	PAIRED	RNA-Seq	TRANSCRIPTOMIC	cDNA	Flomics Biotech SL;Flomics	NextSeq 2000 sequencing	cfa734f7-461e-4b85-b2e5-770c2a926ae4	ena-EXPERIMENT-TAB-25-06-2025-17:59:18:197-49339	ena-RUN-TAB-25-06-2025-17:59:18:197-49340	ftp.sra.ebi.ac.uk/vol1/fastq/ERR151/004/ERR15158504/ERR15158504_1.fastq.gz;ftp.sra.ebi.ac.uk/vol1/fastq/ERR151/004/ERR15158504/ERR15158504_2.fastq.gz	ftp.sra.ebi.ac.uk/vol1/run/ERR151/ERR15158504/FL-SAMP-2745_S18_L001_R1_001.fastq.gz;ftp.sra.ebi.ac.uk/vol1/run/ERR151/ERR15158504/FL-SAMP-2745_S18_L001_R2_001.fastq.gz		flomics_2_5	SAMP2745_EXP161	ftp.sra.ebi.ac.uk/vol1/err/ERR151/004/ERR15158504/ERR15158504.bam
ERR15158508	PRJEB90290	SAMEA118547778	ERX14563881	9606	Homo sapiens	ILLUMINA	NextSeq 2000	SAMP2778	PAIRED	RNA-Seq	TRANSCRIPTOMIC	cDNA	Flomics Biotech SL;Flomics	NextSeq 2000 sequencing	cfa734f7-461e-4b85-b2e5-770c2a926ae4	ena-EXPERIMENT-TAB-25-06-2025-17:59:18:198-49347	ena-RUN-TAB-25-06-2025-17:59:18:198-49348	ftp.sra.ebi.ac.uk/vol1/fastq/ERR151/008/ERR15158508/ERR15158508_1.fastq.gz;ftp.sra.ebi.ac.uk/vol1/fastq/ERR151/008/ERR15158508/ERR15158508_2.fastq.gz	ftp.sra.ebi.ac.uk/vol1/run/ERR151/ERR15158508/FL-SAMP-2778_S25_L001_R1_001.fastq.gz;ftp.sra.ebi.ac.uk/vol1/run/ERR151/ERR15158508/FL-SAMP-2778_S25_L001_R2_001.fastq.gz		flomics_2_9	SAMP2778_EXP165	ftp.sra.ebi.ac.uk/vol1/err/ERR151/008/ERR15158508/ERR15158508.bam
ERR15158512	PRJEB90290	SAMEA118547782	ERX14563885	9606	Homo sapiens	ILLUMINA	NextSeq 2000	SAMP3013	PAIRED	RNA-Seq	TRANSCRIPTOMIC	cDNA	Flomics Biotech SL;Flomics	NextSeq 2000 sequencing	cfa734f7-461e-4b85-b2e5-770c2a926ae4	ena-EXPERIMENT-TAB-25-06-2025-17:59:18:200-49355	ena-RUN-TAB-25-06-2025-17:59:18:200-49356	ftp.sra.ebi.ac.uk/vol1/fastq/ERR151/012/ERR15158512/ERR15158512_1.fastq.gz;ftp.sra.ebi.ac.uk/vol1/fastq/ERR151/012/ERR15158512/ERR15158512_2.fastq.gz	ftp.sra.ebi.ac.uk/vol1/run/ERR151/ERR15158512/FL-SAMP-3013_S16_L001_R1_001.fastq.gz;ftp.sra.ebi.ac.uk/vol1/run/ERR151/ERR15158512/FL-SAMP-3013_S16_L001_R2_001.fastq.gz		flomics_2_13	SAMP3013_EXP171	ftp.sra.ebi.ac.uk/vol1/err/ERR151/012/ERR15158512/ERR15158512.bam
ERR15158514	PRJEB90290	SAMEA118547784	ERX14563887	9606	Homo sapiens	ILLUMINA	NextSeq 2000	SAMP3019	PAIRED	RNA-Seq	TRANSCRIPTOMIC	cDNA	Flomics Biotech SL;Flomics	NextSeq 2000 sequencing	cfa734f7-461e-4b85-b2e5-770c2a926ae4	ena-EXPERIMENT-TAB-25-06-2025-17:59:18:200-49359	ena-RUN-TAB-25-06-2025-17:59:18:200-49360	ftp.sra.ebi.ac.uk/vol1/fastq/ERR151/014/ERR15158514/ERR15158514_1.fastq.gz;ftp.sra.ebi.ac.uk/vol1/fastq/ERR151/014/ERR15158514/ERR15158514_2.fastq.gz	ftp.sra.ebi.ac.uk/vol1/run/ERR151/ERR15158514/FL-SAMP-3019_S22_L001_R1_001.fastq.gz;ftp.sra.ebi.ac.uk/vol1/run/ERR151/ERR15158514/FL-SAMP-3019_S22_L001_R2_001.fastq.gz		flomics_2_15	SAMP3019_EXP172	ftp.sra.ebi.ac.uk/vol1/err/ERR151/014/ERR15158514/ERR15158514.bam
ERR15158515	PRJEB90290	SAMEA118547785	ERX14563888	9606	Homo sapiens	ILLUMINA	NextSeq 2000	SAMP3020	PAIRED	RNA-Seq	TRANSCRIPTOMIC	cDNA	Flomics Biotech SL;Flomics	NextSeq 2000 sequencing	cfa734f7-461e-4b85-b2e5-770c2a926ae4	ena-EXPERIMENT-TAB-25-06-2025-17:59:18:201-49361	ena-RUN-TAB-25-06-2025-17:59:18:201-49362	ftp.sra.ebi.ac.uk/vol1/fastq/ERR151/015/ERR15158515/ERR15158515_1.fastq.gz;ftp.sra.ebi.ac.uk/vol1/fastq/ERR151/015/ERR15158515/ERR15158515_2.fastq.gz	ftp.sra.ebi.ac.uk/vol1/run/ERR151/ERR15158515/FL-SAMP-3020_S23_L001_R1_001.fastq.gz;ftp.sra.ebi.ac.uk/vol1/run/ERR151/ERR15158515/FL-SAMP-3020_S23_L001_R2_001.fastq.gz		flomics_2_16	SAMP3020_EXP172	ftp.sra.ebi.ac.uk/vol1/err/ERR151/015/ERR15158515/ERR15158515.bam
ERR15158520	PRJEB90290	SAMEA118547790	ERX14563893	9606	Homo sapiens	ILLUMINA	NextSeq 2000	SAMP3483	PAIRED	RNA-Seq	TRANSCRIPTOMIC	cDNA	Flomics Biotech SL;Flomics	NextSeq 2000 sequencing	cfa734f7-461e-4b85-b2e5-770c2a926ae4	ena-EXPERIMENT-TAB-25-06-2025-17:59:18:202-49371	ena-RUN-TAB-25-06-2025-17:59:18:202-49372	ftp.sra.ebi.ac.uk/vol1/fastq/ERR151/020/ERR15158520/ERR15158520_1.fastq.gz;ftp.sra.ebi.ac.uk/vol1/fastq/ERR151/020/ERR15158520/ERR15158520_2.fastq.gz	ftp.sra.ebi.ac.uk/vol1/run/ERR151/ERR15158520/FL-SAMP-3483_S34_L001_R1_001.fastq.gz;ftp.sra.ebi.ac.uk/vol1/run/ERR151/ERR15158520/FL-SAMP-3483_S34_L001_R2_001.fastq.gz		flomics_2_21	SAMP3483_EXP185	ftp.sra.ebi.ac.uk/vol1/err/ERR151/020/ERR15158520/ERR15158520.bam
ERR15158526	PRJEB90290	SAMEA118547796	ERX14563899	9606	Homo sapiens	ILLUMINA	NextSeq 2000	SAMP4818	PAIRED	RNA-Seq	TRANSCRIPTOMIC	cDNA	Flomics Biotech SL;Flomics	NextSeq 2000 sequencing	cfa734f7-461e-4b85-b2e5-770c2a926ae4	ena-EXPERIMENT-TAB-25-06-2025-17:59:18:204-49383	ena-RUN-TAB-25-06-2025-17:59:18:204-49384	ftp.sra.ebi.ac.uk/vol1/fastq/ERR151/026/ERR15158526/ERR15158526_1.fastq.gz;ftp.sra.ebi.ac.uk/vol1/fastq/ERR151/026/ERR15158526/ERR15158526_2.fastq.gz	ftp.sra.ebi.ac.uk/vol1/run/ERR151/ERR15158526/FL-SAMP-4818_S57_L001_R1_001.fastq.gz;ftp.sra.ebi.ac.uk/vol1/run/ERR151/ERR15158526/FL-SAMP-4818_S57_L001_R2_001.fastq.gz		flomics_2_27	SAMP4818_EXP199_4	ftp.sra.ebi.ac.uk/vol1/err/ERR151/026/ERR15158526/ERR15158526.bam
ERR15158528	PRJEB90290	SAMEA118547798	ERX14563901	9606	Homo sapiens	ILLUMINA	NextSeq 2000	SAMP5272	PAIRED	RNA-Seq	TRANSCRIPTOMIC	cDNA	Flomics Biotech SL;Flomics	NextSeq 2000 sequencing	cfa734f7-461e-4b85-b2e5-770c2a926ae4	ena-EXPERIMENT-TAB-25-06-2025-17:59:18:205-49387	ena-RUN-TAB-25-06-2025-17:59:18:205-49388	ftp.sra.ebi.ac.uk/vol1/fastq/ERR151/028/ERR15158528/ERR15158528_1.fastq.gz;ftp.sra.ebi.ac.uk/vol1/fastq/ERR151/028/ERR15158528/ERR15158528_2.fastq.gz	ftp.sra.ebi.ac.uk/vol1/run/ERR151/ERR15158528/FL-SAMP-5272_S28_L001_R1_001.fastq.gz;ftp.sra.ebi.ac.uk/vol1/run/ERR151/ERR15158528/FL-SAMP-5272_S28_L001_R2_001.fastq.gz		flomics_2_29	SAMP5272_EXP216_22	ftp.sra.ebi.ac.uk/vol1/err/ERR151/028/ERR15158528/ERR15158528.bam
ERR15158529	PRJEB90290	SAMEA118547799	ERX14563902	9606	Homo sapiens	ILLUMINA	NextSeq 2000	SAMP5290	PAIRED	RNA-Seq	TRANSCRIPTOMIC	cDNA	Flomics Biotech SL;Flomics	NextSeq 2000 sequencing	cfa734f7-461e-4b85-b2e5-770c2a926ae4	ena-EXPERIMENT-TAB-25-06-2025-17:59:18:205-49389	ena-RUN-TAB-25-06-2025-17:59:18:205-49390	ftp.sra.ebi.ac.uk/vol1/fastq/ERR151/029/ERR15158529/ERR15158529_1.fastq.gz;ftp.sra.ebi.ac.uk/vol1/fastq/ERR151/029/ERR15158529/ERR15158529_2.fastq.gz	ftp.sra.ebi.ac.uk/vol1/run/ERR151/ERR15158529/FL-SAMP-5290_S42_L001_R1_001.fastq.gz;ftp.sra.ebi.ac.uk/vol1/run/ERR151/ERR15158529/FL-SAMP-5290_S42_L001_R2_001.fastq.gz		flomics_2_30	SAMP5290_EXP216_40	ftp.sra.ebi.ac.uk/vol1/err/ERR151/029/ERR15158529/ERR15158529.bam
ERR15158531	PRJEB90290	SAMEA118547801	ERX14563904	9606	Homo sapiens	ILLUMINA	NextSeq 2000	SAMP5411	PAIRED	RNA-Seq	TRANSCRIPTOMIC	cDNA	Flomics Biotech SL;Flomics	NextSeq 2000 sequencing	cfa734f7-461e-4b85-b2e5-770c2a926ae4	ena-EXPERIMENT-TAB-25-06-2025-17:59:18:206-49393	ena-RUN-TAB-25-06-2025-17:59:18:206-49394	ftp.sra.ebi.ac.uk/vol1/fastq/ERR151/031/ERR15158531/ERR15158531_1.fastq.gz;ftp.sra.ebi.ac.uk/vol1/fastq/ERR151/031/ERR15158531/ERR15158531_2.fastq.gz	ftp.sra.ebi.ac.uk/vol1/run/ERR151/ERR15158531/FL-SAMP-5411_S3_L001_R1_001.fastq.gz;ftp.sra.ebi.ac.uk/vol1/run/ERR151/ERR15158531/FL-SAMP-5411_S3_L001_R2_001.fastq.gz		flomics_2_32	SAMP5411_EXP223_37	ftp.sra.ebi.ac.uk/vol1/err/ERR151/031/ERR15158531/ERR15158531.bam
ERR15158533	PRJEB90290	SAMEA118547803	ERX14563906	9606	Homo sapiens	ILLUMINA	NextSeq 2000	SAMP5656	PAIRED	RNA-Seq	TRANSCRIPTOMIC	cDNA	Flomics Biotech SL;Flomics	NextSeq 2000 sequencing	cfa734f7-461e-4b85-b2e5-770c2a926ae4	ena-EXPERIMENT-TAB-25-06-2025-17:59:18:207-49397	ena-RUN-TAB-25-06-2025-17:59:18:207-49398	ftp.sra.ebi.ac.uk/vol1/fastq/ERR151/033/ERR15158533/ERR15158533_1.fastq.gz;ftp.sra.ebi.ac.uk/vol1/fastq/ERR151/033/ERR15158533/ERR15158533_2.fastq.gz	ftp.sra.ebi.ac.uk/vol1/run/ERR151/ERR15158533/FL-SAMP-5656_S31_L001_R1_001.fastq.gz;ftp.sra.ebi.ac.uk/vol1/run/ERR151/ERR15158533/FL-SAMP-5656_S31_L001_R2_001.fastq.gz		flomics_2_34	SAMP5656_EXP228_35	ftp.sra.ebi.ac.uk/vol1/err/ERR151/033/ERR15158533/ERR15158533.bam
ERR15158536	PRJEB90290	SAMEA118547806	ERX14563909	9606	Homo sapiens	ILLUMINA	NextSeq 2000	SAMP6050	PAIRED	RNA-Seq	TRANSCRIPTOMIC	cDNA	Flomics Biotech SL;Flomics	NextSeq 2000 sequencing	cfa734f7-461e-4b85-b2e5-770c2a926ae4	ena-EXPERIMENT-TAB-25-06-2025-17:59:18:208-49403	ena-RUN-TAB-25-06-2025-17:59:18:208-49404	ftp.sra.ebi.ac.uk/vol1/fastq/ERR151/036/ERR15158536/ERR15158536_1.fastq.gz;ftp.sra.ebi.ac.uk/vol1/fastq/ERR151/036/ERR15158536/ERR15158536_2.fastq.gz	ftp.sra.ebi.ac.uk/vol1/run/ERR151/ERR15158536/FL-SAMP-6050_S28_L001_R1_001.fastq.gz;ftp.sra.ebi.ac.uk/vol1/run/ERR151/ERR15158536/FL-SAMP-6050_S28_L001_R2_001.fastq.gz		flomics_2_37	SAMP6050_EXP243_24	ftp.sra.ebi.ac.uk/vol1/err/ERR151/036/ERR15158536/ERR15158536.bam
ERR15158537	PRJEB90290	SAMEA118547807	ERX14563910	9606	Homo sapiens	ILLUMINA	NextSeq 2000	SAMP6066	PAIRED	RNA-Seq	TRANSCRIPTOMIC	cDNA	Flomics Biotech SL;Flomics	NextSeq 2000 sequencing	cfa734f7-461e-4b85-b2e5-770c2a926ae4	ena-EXPERIMENT-TAB-25-06-2025-17:59:18:208-49405	ena-RUN-TAB-25-06-2025-17:59:18:208-49406	ftp.sra.ebi.ac.uk/vol1/fastq/ERR151/037/ERR15158537/ERR15158537_1.fastq.gz;ftp.sra.ebi.ac.uk/vol1/fastq/ERR151/037/ERR15158537/ERR15158537_2.fastq.gz	ftp.sra.ebi.ac.uk/vol1/run/ERR151/ERR15158537/FL-SAMP-6066_S38_L001_R1_001.fastq.gz;ftp.sra.ebi.ac.uk/vol1/run/ERR151/ERR15158537/FL-SAMP-6066_S38_L001_R2_001.fastq.gz		flomics_2_38	SAMP6066_EXP243_40	ftp.sra.ebi.ac.uk/vol1/err/ERR151/037/ERR15158537/ERR15158537.bam
ERR15158538	PRJEB90290	SAMEA118547808	ERX14563911	9606	Homo sapiens	ILLUMINA	NextSeq 2000	SAMP6082	PAIRED	RNA-Seq	TRANSCRIPTOMIC	cDNA	Flomics Biotech SL;Flomics	NextSeq 2000 sequencing	cfa734f7-461e-4b85-b2e5-770c2a926ae4	ena-EXPERIMENT-TAB-25-06-2025-17:59:18:208-49407	ena-RUN-TAB-25-06-2025-17:59:18:208-49408	ftp.sra.ebi.ac.uk/vol1/fastq/ERR151/038/ERR15158538/ERR15158538_1.fastq.gz;ftp.sra.ebi.ac.uk/vol1/fastq/ERR151/038/ERR15158538/ERR15158538_2.fastq.gz	ftp.sra.ebi.ac.uk/vol1/run/ERR151/ERR15158538/FL-SAMP-6082_S50_L001_R1_001.fastq.gz;ftp.sra.ebi.ac.uk/vol1/run/ERR151/ERR15158538/FL-SAMP-6082_S50_L001_R2_001.fastq.gz		flomics_2_39	SAMP6082_EXP243_56	ftp.sra.ebi.ac.uk/vol1/err/ERR151/038/ERR15158538/ERR15158538.bam
ERR15158542	PRJEB90290	SAMEA118547812	ERX14563915	9606	Homo sapiens	ILLUMINA	NextSeq 2000	SAMP6555	PAIRED	RNA-Seq	TRANSCRIPTOMIC	cDNA	Flomics Biotech SL;Flomics	NextSeq 2000 sequencing	cfa734f7-461e-4b85-b2e5-770c2a926ae4	ena-EXPERIMENT-TAB-25-06-2025-17:59:18:210-49415	ena-RUN-TAB-25-06-2025-17:59:18:210-49416	ftp.sra.ebi.ac.uk/vol1/fastq/ERR151/042/ERR15158542/ERR15158542_1.fastq.gz;ftp.sra.ebi.ac.uk/vol1/fastq/ERR151/042/ERR15158542/ERR15158542_2.fastq.gz	ftp.sra.ebi.ac.uk/vol1/run/ERR151/ERR15158542/FL-SAMP-6555_S20_L001_R1_001.fastq.gz;ftp.sra.ebi.ac.uk/vol1/run/ERR151/ERR15158542/FL-SAMP-6555_S20_L001_R2_001.fastq.gz		flomics_2_43	SAMP6555_EXP247_41	ftp.sra.ebi.ac.uk/vol1/err/ERR151/042/ERR15158542/ERR15158542.bam
ERR15158544	PRJEB90290	SAMEA118547814	ERX14563917	9606	Homo sapiens	ILLUMINA	NextSeq 2000	SAMP6576	PAIRED	RNA-Seq	TRANSCRIPTOMIC	cDNA	Flomics Biotech SL;Flomics	NextSeq 2000 sequencing	cfa734f7-461e-4b85-b2e5-770c2a926ae4	ena-EXPERIMENT-TAB-25-06-2025-17:59:18:210-49419	ena-RUN-TAB-25-06-2025-17:59:18:211-49420	ftp.sra.ebi.ac.uk/vol1/fastq/ERR151/044/ERR15158544/ERR15158544_1.fastq.gz;ftp.sra.ebi.ac.uk/vol1/fastq/ERR151/044/ERR15158544/ERR15158544_2.fastq.gz	ftp.sra.ebi.ac.uk/vol1/run/ERR151/ERR15158544/FL-SAMP-6576_S34_L001_R1_001.fastq.gz;ftp.sra.ebi.ac.uk/vol1/run/ERR151/ERR15158544/FL-SAMP-6576_S34_L001_R2_001.fastq.gz		flomics_2_45	SAMP6576_EXP248_12	ftp.sra.ebi.ac.uk/vol1/err/ERR151/044/ERR15158544/ERR15158544.bam
ERR15158547	PRJEB90290	SAMEA118547817	ERX14563920	9606	Homo sapiens	ILLUMINA	NextSeq 2000	SAMP6766	PAIRED	RNA-Seq	TRANSCRIPTOMIC	cDNA	Flomics Biotech SL;Flomics	NextSeq 2000 sequencing	cfa734f7-461e-4b85-b2e5-770c2a926ae4	ena-EXPERIMENT-TAB-25-06-2025-17:59:18:211-49425	ena-RUN-TAB-25-06-2025-17:59:18:212-49426	ftp.sra.ebi.ac.uk/vol1/fastq/ERR151/047/ERR15158547/ERR15158547_1.fastq.gz;ftp.sra.ebi.ac.uk/vol1/fastq/ERR151/047/ERR15158547/ERR15158547_2.fastq.gz	ftp.sra.ebi.ac.uk/vol1/run/ERR151/ERR15158547/FL-SAMP-6766_S6_L001_R1_001.fastq.gz;ftp.sra.ebi.ac.uk/vol1/run/ERR151/ERR15158547/FL-SAMP-6766_S6_L001_R2_001.fastq.gz		flomics_2_48	SAMP6766_EXP250_25	ftp.sra.ebi.ac.uk/vol1/err/ERR151/047/ERR15158547/ERR15158547.bam
ERR15158549	PRJEB90290	SAMEA118547819	ERX14563922	9606	Homo sapiens	ILLUMINA	NextSeq 2000	SAMP6799	PAIRED	RNA-Seq	TRANSCRIPTOMIC	cDNA	Flomics Biotech SL;Flomics	NextSeq 2000 sequencing	cfa734f7-461e-4b85-b2e5-770c2a926ae4	ena-EXPERIMENT-TAB-25-06-2025-17:59:18:212-49429	ena-RUN-TAB-25-06-2025-17:59:18:212-49430	ftp.sra.ebi.ac.uk/vol1/fastq/ERR151/049/ERR15158549/ERR15158549_1.fastq.gz;ftp.sra.ebi.ac.uk/vol1/fastq/ERR151/049/ERR15158549/ERR15158549_2.fastq.gz	ftp.sra.ebi.ac.uk/vol1/run/ERR151/ERR15158549/FL-SAMP-6799_S34_L001_R1_001.fastq.gz;ftp.sra.ebi.ac.uk/vol1/run/ERR151/ERR15158549/FL-SAMP-6799_S34_L001_R2_001.fastq.gz		flomics_2_50	SAMP6799_EXP250_58	ftp.sra.ebi.ac.uk/vol1/err/ERR151/049/ERR15158549/ERR15158549.bam
ERR15158551	PRJEB90290	SAMEA118547769	ERX14563924	9606	Homo sapiens	ILLUMINA	NextSeq 2000	SAMP847	PAIRED	RNA-Seq	TRANSCRIPTOMIC	cDNA	Flomics Biotech SL;Flomics	NextSeq 2000 sequencing	cfa734f7-461e-4b85-b2e5-770c2a926ae4	ena-EXPERIMENT-TAB-25-06-2025-17:59:18:213-49433	ena-RUN-TAB-25-06-2025-17:59:18:213-49434	ftp.sra.ebi.ac.uk/vol1/fastq/ERR151/051/ERR15158551/ERR15158551_1.fastq.gz;ftp.sra.ebi.ac.uk/vol1/fastq/ERR151/051/ERR15158551/ERR15158551_2.fastq.gz	ftp.sra.ebi.ac.uk/vol1/run/ERR151/ERR15158551/FL-SAMP-847_S24_L001_R1_001.fastq.gz;ftp.sra.ebi.ac.uk/vol1/run/ERR151/ERR15158551/FL-SAMP-847_S24_L001_R2_001.fastq.gz		flomics_2_52	SAMP847_EXP140_8_CTR1315	ftp.sra.ebi.ac.uk/vol1/err/ERR151/051/ERR15158551/ERR15158551.bam
ERR15158148	PRJEB90290	SAMEA118556976	ERX14563492	9606	Homo sapiens	ILLUMINA	Illumina MiSeq	SAMP168	PAIRED	RNA-Seq	TRANSCRIPTOMIC	cDNA	Flomics Biotech SL;Flomics	Illumina MiSeq sequencing	cfa734f7-461e-4b85-b2e5-770c2a926ae4	ena-EXPERIMENT-TAB-25-06-2025-16:04:27:669-44392	ena-RUN-TAB-25-06-2025-16:04:27:669-44393	ftp.sra.ebi.ac.uk/vol1/fastq/ERR151/048/ERR15158148/ERR15158148_1.fastq.gz;ftp.sra.ebi.ac.uk/vol1/fastq/ERR151/048/ERR15158148/ERR15158148_2.fastq.gz	ftp.sra.ebi.ac.uk/vol1/run/ERR151/ERR15158148/12_S12_L001_R1_001.fastq.gz;ftp.sra.ebi.ac.uk/vol1/run/ERR151/ERR15158148/12_S12_L001_R2_001.fastq.gz		flomics_1_7	SAMP168_EXP101_S4_Technical_replicate_4	ftp.sra.ebi.ac.uk/vol1/err/ERR151/048/ERR15158148/ERR15158148.bam
ERR15158505	PRJEB90290	SAMEA118547775	ERX14563878	9606	Homo sapiens	ILLUMINA	NextSeq 2000	SAMP2747	PAIRED	RNA-Seq	TRANSCRIPTOMIC	cDNA	Flomics Biotech SL;Flomics	NextSeq 2000 sequencing	cfa734f7-461e-4b85-b2e5-770c2a926ae4	ena-EXPERIMENT-TAB-25-06-2025-17:59:18:197-49341	ena-RUN-TAB-25-06-2025-17:59:18:197-49342	ftp.sra.ebi.ac.uk/vol1/fastq/ERR151/005/ERR15158505/ERR15158505_1.fastq.gz;ftp.sra.ebi.ac.uk/vol1/fastq/ERR151/005/ERR15158505/ERR15158505_2.fastq.gz	ftp.sra.ebi.ac.uk/vol1/run/ERR151/ERR15158505/FL-SAMP-2747_S20_L001_R1_001.fastq.gz;ftp.sra.ebi.ac.uk/vol1/run/ERR151/ERR15158505/FL-SAMP-2747_S20_L001_R2_001.fastq.gz		flomics_2_6	SAMP2747_EXP161	ftp.sra.ebi.ac.uk/vol1/err/ERR151/005/ERR15158505/ERR15158505.bam
ERR15158510	PRJEB90290	SAMEA118547780	ERX14563883	9606	Homo sapiens	ILLUMINA	NextSeq 2000	SAMP2781	PAIRED	RNA-Seq	TRANSCRIPTOMIC	cDNA	Flomics Biotech SL;Flomics	NextSeq 2000 sequencing	cfa734f7-461e-4b85-b2e5-770c2a926ae4	ena-EXPERIMENT-TAB-25-06-2025-17:59:18:199-49351	ena-RUN-TAB-25-06-2025-17:59:18:199-49352	ftp.sra.ebi.ac.uk/vol1/fastq/ERR151/010/ERR15158510/ERR15158510_1.fastq.gz;ftp.sra.ebi.ac.uk/vol1/fastq/ERR151/010/ERR15158510/ERR15158510_2.fastq.gz	ftp.sra.ebi.ac.uk/vol1/run/ERR151/ERR15158510/FL-SAMP-2781_S28_L001_R1_001.fastq.gz;ftp.sra.ebi.ac.uk/vol1/run/ERR151/ERR15158510/FL-SAMP-2781_S28_L001_R2_001.fastq.gz		flomics_2_11	SAMP2781_EXP165	ftp.sra.ebi.ac.uk/vol1/err/ERR151/010/ERR15158510/ERR15158510.bam
ERR15158516	PRJEB90290	SAMEA118547786	ERX14563889	9606	Homo sapiens	ILLUMINA	NextSeq 2000	SAMP3049	PAIRED	RNA-Seq	TRANSCRIPTOMIC	cDNA	Flomics Biotech SL;Flomics	NextSeq 2000 sequencing	cfa734f7-461e-4b85-b2e5-770c2a926ae4	ena-EXPERIMENT-TAB-25-06-2025-17:59:18:201-49363	ena-RUN-TAB-25-06-2025-17:59:18:201-49364	ftp.sra.ebi.ac.uk/vol1/fastq/ERR151/016/ERR15158516/ERR15158516_1.fastq.gz;ftp.sra.ebi.ac.uk/vol1/fastq/ERR151/016/ERR15158516/ERR15158516_2.fastq.gz	ftp.sra.ebi.ac.uk/vol1/run/ERR151/ERR15158516/FL-SAMP-3049_S11_L001_R1_001.fastq.gz;ftp.sra.ebi.ac.uk/vol1/run/ERR151/ERR15158516/FL-SAMP-3049_S11_L001_R2_001.fastq.gz		flomics_2_17	SAMP3049_EXP172	ftp.sra.ebi.ac.uk/vol1/err/ERR151/016/ERR15158516/ERR15158516.bam
ERR15158518	PRJEB90290	SAMEA118547788	ERX14563891	9606	Homo sapiens	ILLUMINA	NextSeq 2000	SAMP3132	PAIRED	RNA-Seq	TRANSCRIPTOMIC	cDNA	Flomics Biotech SL;Flomics	NextSeq 2000 sequencing	cfa734f7-461e-4b85-b2e5-770c2a926ae4	ena-EXPERIMENT-TAB-25-06-2025-17:59:18:202-49367	ena-RUN-TAB-25-06-2025-17:59:18:202-49368	ftp.sra.ebi.ac.uk/vol1/fastq/ERR151/018/ERR15158518/ERR15158518_1.fastq.gz;ftp.sra.ebi.ac.uk/vol1/fastq/ERR151/018/ERR15158518/ERR15158518_2.fastq.gz	ftp.sra.ebi.ac.uk/vol1/run/ERR151/ERR15158518/FL-SAMP-3132_S38_L001_R1_001.fastq.gz;ftp.sra.ebi.ac.uk/vol1/run/ERR151/ERR15158518/FL-SAMP-3132_S38_L001_R2_001.fastq.gz		flomics_2_19	SAMP3132_EXP176	ftp.sra.ebi.ac.uk/vol1/err/ERR151/018/ERR15158518/ERR15158518.bam
ERR15158519	PRJEB90290	SAMEA118547789	ERX14563892	9606	Homo sapiens	ILLUMINA	NextSeq 2000	SAMP3392	PAIRED	RNA-Seq	TRANSCRIPTOMIC	cDNA	Flomics Biotech SL;Flomics	NextSeq 2000 sequencing	cfa734f7-461e-4b85-b2e5-770c2a926ae4	ena-EXPERIMENT-TAB-25-06-2025-17:59:18:202-49369	ena-RUN-TAB-25-06-2025-17:59:18:202-49370	ftp.sra.ebi.ac.uk/vol1/fastq/ERR151/019/ERR15158519/ERR15158519_1.fastq.gz;ftp.sra.ebi.ac.uk/vol1/fastq/ERR151/019/ERR15158519/ERR15158519_2.fastq.gz	ftp.sra.ebi.ac.uk/vol1/run/ERR151/ERR15158519/FL-SAMP-3392_S8_L001_R1_001.fastq.gz;ftp.sra.ebi.ac.uk/vol1/run/ERR151/ERR15158519/FL-SAMP-3392_S8_L001_R2_001.fastq.gz		flomics_2_20	SAMP3392_EXP180_28	ftp.sra.ebi.ac.uk/vol1/err/ERR151/019/ERR15158519/ERR15158519.bam
ERR15158521	PRJEB90290	SAMEA118547791	ERX14563894	9606	Homo sapiens	ILLUMINA	NextSeq 2000	SAMP4536	PAIRED	RNA-Seq	TRANSCRIPTOMIC	cDNA	Flomics Biotech SL;Flomics	NextSeq 2000 sequencing	cfa734f7-461e-4b85-b2e5-770c2a926ae4	ena-EXPERIMENT-TAB-25-06-2025-17:59:18:203-49373	ena-RUN-TAB-25-06-2025-17:59:18:203-49374	ftp.sra.ebi.ac.uk/vol1/fastq/ERR151/021/ERR15158521/ERR15158521_1.fastq.gz;ftp.sra.ebi.ac.uk/vol1/fastq/ERR151/021/ERR15158521/ERR15158521_2.fastq.gz	ftp.sra.ebi.ac.uk/vol1/run/ERR151/ERR15158521/FL-SAMP-4536_S20_L001_R1_001.fastq.gz;ftp.sra.ebi.ac.uk/vol1/run/ERR151/ERR15158521/FL-SAMP-4536_S20_L001_R2_001.fastq.gz		flomics_2_22	SAMP4536_EXP188	ftp.sra.ebi.ac.uk/vol1/err/ERR151/021/ERR15158521/ERR15158521.bam
ERR15158527	PRJEB90290	SAMEA118547797	ERX14563900	9606	Homo sapiens	ILLUMINA	NextSeq 2000	SAMP4831	PAIRED	RNA-Seq	TRANSCRIPTOMIC	cDNA	Flomics Biotech SL;Flomics	NextSeq 2000 sequencing	cfa734f7-461e-4b85-b2e5-770c2a926ae4	ena-EXPERIMENT-TAB-25-06-2025-17:59:18:205-49385	ena-RUN-TAB-25-06-2025-17:59:18:205-49386	ftp.sra.ebi.ac.uk/vol1/fastq/ERR151/027/ERR15158527/ERR15158527_1.fastq.gz;ftp.sra.ebi.ac.uk/vol1/fastq/ERR151/027/ERR15158527/ERR15158527_2.fastq.gz	ftp.sra.ebi.ac.uk/vol1/run/ERR151/ERR15158527/FL-SAMP-4831_S16_L001_R1_001.fastq.gz;ftp.sra.ebi.ac.uk/vol1/run/ERR151/ERR15158527/FL-SAMP-4831_S16_L001_R2_001.fastq.gz		flomics_2_28	SAMP4831_EXP199_17	ftp.sra.ebi.ac.uk/vol1/err/ERR151/027/ERR15158527/ERR15158527.bam
ERR15158530	PRJEB90290	SAMEA118547800	ERX14563903	9606	Homo sapiens	ILLUMINA	NextSeq 2000	SAMP5385	PAIRED	RNA-Seq	TRANSCRIPTOMIC	cDNA	Flomics Biotech SL;Flomics	NextSeq 2000 sequencing	cfa734f7-461e-4b85-b2e5-770c2a926ae4	ena-EXPERIMENT-TAB-25-06-2025-17:59:18:206-49391	ena-RUN-TAB-25-06-2025-17:59:18:206-49392	ftp.sra.ebi.ac.uk/vol1/fastq/ERR151/030/ERR15158530/ERR15158530_1.fastq.gz;ftp.sra.ebi.ac.uk/vol1/fastq/ERR151/030/ERR15158530/ERR15158530_2.fastq.gz	ftp.sra.ebi.ac.uk/vol1/run/ERR151/ERR15158530/FL-SAMP-5385_S20_L001_R1_001.fastq.gz;ftp.sra.ebi.ac.uk/vol1/run/ERR151/ERR15158530/FL-SAMP-5385_S20_L001_R2_001.fastq.gz		flomics_2_31	SAMP5385_EXP223_11	ftp.sra.ebi.ac.uk/vol1/err/ERR151/030/ERR15158530/ERR15158530.bam
ERR15158532	PRJEB90290	SAMEA118547802	ERX14563905	9606	Homo sapiens	ILLUMINA	NextSeq 2000	SAMP5655	PAIRED	RNA-Seq	TRANSCRIPTOMIC	cDNA	Flomics Biotech SL;Flomics	NextSeq 2000 sequencing	cfa734f7-461e-4b85-b2e5-770c2a926ae4	ena-EXPERIMENT-TAB-25-06-2025-17:59:18:206-49395	ena-RUN-TAB-25-06-2025-17:59:18:206-49396	ftp.sra.ebi.ac.uk/vol1/fastq/ERR151/032/ERR15158532/ERR15158532_1.fastq.gz;ftp.sra.ebi.ac.uk/vol1/fastq/ERR151/032/ERR15158532/ERR15158532_2.fastq.gz	ftp.sra.ebi.ac.uk/vol1/run/ERR151/ERR15158532/FL-SAMP-5655_S30_L001_R1_001.fastq.gz;ftp.sra.ebi.ac.uk/vol1/run/ERR151/ERR15158532/FL-SAMP-5655_S30_L001_R2_001.fastq.gz		flomics_2_33	SAMP5655_EXP228_34	ftp.sra.ebi.ac.uk/vol1/err/ERR151/032/ERR15158532/ERR15158532.bam
ERR15158535	PRJEB90290	SAMEA118547805	ERX14563908	9606	Homo sapiens	ILLUMINA	NextSeq 2000	SAMP5674	PAIRED	RNA-Seq	TRANSCRIPTOMIC	cDNA	Flomics Biotech SL;Flomics	NextSeq 2000 sequencing	cfa734f7-461e-4b85-b2e5-770c2a926ae4	ena-EXPERIMENT-TAB-25-06-2025-17:59:18:207-49401	ena-RUN-TAB-25-06-2025-17:59:18:207-49402	ftp.sra.ebi.ac.uk/vol1/fastq/ERR151/035/ERR15158535/ERR15158535_1.fastq.gz;ftp.sra.ebi.ac.uk/vol1/fastq/ERR151/035/ERR15158535/ERR15158535_2.fastq.gz	ftp.sra.ebi.ac.uk/vol1/run/ERR151/ERR15158535/FL-SAMP-5674_S39_L001_R1_001.fastq.gz;ftp.sra.ebi.ac.uk/vol1/run/ERR151/ERR15158535/FL-SAMP-5674_S39_L001_R2_001.fastq.gz		flomics_2_36	SAMP5674_EXP228_53	ftp.sra.ebi.ac.uk/vol1/err/ERR151/035/ERR15158535/ERR15158535.bam
ERR15158540	PRJEB90290	SAMEA118547810	ERX14563913	9606	Homo sapiens	ILLUMINA	NextSeq 2000	SAMP6542	PAIRED	RNA-Seq	TRANSCRIPTOMIC	cDNA	Flomics Biotech SL;Flomics	NextSeq 2000 sequencing	cfa734f7-461e-4b85-b2e5-770c2a926ae4	ena-EXPERIMENT-TAB-25-06-2025-17:59:18:209-49411	ena-RUN-TAB-25-06-2025-17:59:18:209-49412	ftp.sra.ebi.ac.uk/vol1/fastq/ERR151/040/ERR15158540/ERR15158540_1.fastq.gz;ftp.sra.ebi.ac.uk/vol1/fastq/ERR151/040/ERR15158540/ERR15158540_2.fastq.gz	ftp.sra.ebi.ac.uk/vol1/run/ERR151/ERR15158540/FL-SAMP-6542_S12_L001_R1_001.fastq.gz;ftp.sra.ebi.ac.uk/vol1/run/ERR151/ERR15158540/FL-SAMP-6542_S12_L001_R2_001.fastq.gz		flomics_2_41	SAMP6542_EXP247_28	ftp.sra.ebi.ac.uk/vol1/err/ERR151/040/ERR15158540/ERR15158540.bam
ERR15158541	PRJEB90290	SAMEA118547811	ERX14563914	9606	Homo sapiens	ILLUMINA	NextSeq 2000	SAMP6549	PAIRED	RNA-Seq	TRANSCRIPTOMIC	cDNA	Flomics Biotech SL;Flomics	NextSeq 2000 sequencing	cfa734f7-461e-4b85-b2e5-770c2a926ae4	ena-EXPERIMENT-TAB-25-06-2025-17:59:18:209-49413	ena-RUN-TAB-25-06-2025-17:59:18:209-49414	ftp.sra.ebi.ac.uk/vol1/fastq/ERR151/041/ERR15158541/ERR15158541_1.fastq.gz;ftp.sra.ebi.ac.uk/vol1/fastq/ERR151/041/ERR15158541/ERR15158541_2.fastq.gz	ftp.sra.ebi.ac.uk/vol1/run/ERR151/ERR15158541/FL-SAMP-6549_S15_L001_R1_001.fastq.gz;ftp.sra.ebi.ac.uk/vol1/run/ERR151/ERR15158541/FL-SAMP-6549_S15_L001_R2_001.fastq.gz		flomics_2_42	SAMP6549_EXP247_35	ftp.sra.ebi.ac.uk/vol1/err/ERR151/041/ERR15158541/ERR15158541.bam
ERR15158543	PRJEB90290	SAMEA118547813	ERX14563916	9606	Homo sapiens	ILLUMINA	NextSeq 2000	SAMP6570	PAIRED	RNA-Seq	TRANSCRIPTOMIC	cDNA	Flomics Biotech SL;Flomics	NextSeq 2000 sequencing	cfa734f7-461e-4b85-b2e5-770c2a926ae4	ena-EXPERIMENT-TAB-25-06-2025-17:59:18:210-49417	ena-RUN-TAB-25-06-2025-17:59:18:210-49418	ftp.sra.ebi.ac.uk/vol1/fastq/ERR151/043/ERR15158543/ERR15158543_1.fastq.gz;ftp.sra.ebi.ac.uk/vol1/fastq/ERR151/043/ERR15158543/ERR15158543_2.fastq.gz	ftp.sra.ebi.ac.uk/vol1/run/ERR151/ERR15158543/FL-SAMP-6570_S28_L001_R1_001.fastq.gz;ftp.sra.ebi.ac.uk/vol1/run/ERR151/ERR15158543/FL-SAMP-6570_S28_L001_R2_001.fastq.gz		flomics_2_44	SAMP6570_EXP248_6	ftp.sra.ebi.ac.uk/vol1/err/ERR151/043/ERR15158543/ERR15158543.bam
ERR15158550	PRJEB90290	SAMEA118547820	ERX14563923	9606	Homo sapiens	ILLUMINA	NextSeq 2000	SAMP6804	PAIRED	RNA-Seq	TRANSCRIPTOMIC	cDNA	Flomics Biotech SL;Flomics	NextSeq 2000 sequencing	cfa734f7-461e-4b85-b2e5-770c2a926ae4	ena-EXPERIMENT-TAB-25-06-2025-17:59:18:212-49431	ena-RUN-TAB-25-06-2025-17:59:18:213-49432	ftp.sra.ebi.ac.uk/vol1/fastq/ERR151/050/ERR15158550/ERR15158550_1.fastq.gz;ftp.sra.ebi.ac.uk/vol1/fastq/ERR151/050/ERR15158550/ERR15158550_2.fastq.gz	ftp.sra.ebi.ac.uk/vol1/run/ERR151/ERR15158550/FL-SAMP-6804_S38_L001_R1_001.fastq.gz;ftp.sra.ebi.ac.uk/vol1/run/ERR151/ERR15158550/FL-SAMP-6804_S38_L001_R2_001.fastq.gz		flomics_2_51	SAMP6804_EXP250_63	ftp.sra.ebi.ac.uk/vol1/err/ERR151/050/ERR15158550/ERR15158550.bam
